-- Insert sample students

INSERT INTO students (student_id,name,course,semester,email,phone) VALUES
('BCA-SF-25-001','Rahul Kumar','BCA',1,'rahul.kumar25@gmail.com','9123456701'),
('BCA-SF-25-002','Amit Das','BCA',1,'amit.das25@gmail.com','9123456702'),
('BCA-SF-25-003','Riya Sharma','BCA',1,'riya.sharma25@gmail.com','9123456703'),
('BCA-SF-25-004','Neha Patel','BCA',1,'neha.patel25@gmail.com','9123456704'),
('BCA-SF-25-005','Arjun Singh','BCA',1,'arjun.singh25@gmail.com','9123456705'),
('BCA-SF-25-006','Priya Verma','BCA',1,'priya.verma25@gmail.com','9123456706'),
('BCA-SF-25-007','Suresh Yadav','BCA',1,'suresh.yadav25@gmail.com','9123456707'),
('BCA-SF-25-008','Kiran Rao','BCA',1,'kiran.rao25@gmail.com','9123456708'),
('BCA-SF-25-009','Anita Gupta','BCA',1,'anita.gupta25@gmail.com','9123456709'),
('BCA-SF-25-010','Vikram Sharma','BCA',1,'vikram.sharma25@gmail.com','9123456710'),

('BCA-SF-25-011','Rohit Mishra','BCA',1,'rohit.mishra25@gmail.com','9123456711'),
('BCA-SF-25-012','Pooja Nayak','BCA',1,'pooja.nayak25@gmail.com','9123456712'),
('BCA-SF-25-013','Deepak Sahu','BCA',1,'deepak.sahu25@gmail.com','9123456713'),
('BCA-SF-25-014','Sneha Mohanty','BCA',1,'sneha.mohanty25@gmail.com','9123456714'),
('BCA-SF-25-015','Manish Behera','BCA',1,'manish.behera25@gmail.com','9123456715'),
('BCA-SF-25-016','Anjali Rout','BCA',1,'anjali.rout25@gmail.com','9123456716'),
('BCA-SF-25-017','Sanjay Das','BCA',1,'sanjay.das25@gmail.com','9123456717'),
('BCA-SF-25-018','Rakesh Pradhan','BCA',1,'rakesh.pradhan25@gmail.com','9123456718'),
('BCA-SF-25-019','Sunita Jena','BCA',1,'sunita.jena25@gmail.com','9123456719'),
('BCA-SF-25-020','Ajay Kar','BCA',1,'ajay.kar25@gmail.com','9123456720'),

('BCA-SF-25-021','Suman Das','BCA',1,'suman.das25@gmail.com','9123456721'),
('BCA-SF-25-022','Ritu Sahoo','BCA',1,'ritu.sahoo25@gmail.com','9123456722'),
('BCA-SF-25-023','Abhishek Panda','BCA',1,'abhishek.panda25@gmail.com','9123456723'),
('BCA-SF-25-024','Swati Mishra','BCA',1,'swati.mishra25@gmail.com','9123456724'),
('BCA-SF-25-025','Nikhil Das','BCA',1,'nikhil.das25@gmail.com','9123456725');

INSERT INTO students (student_id,name,course,semester,email,phone) VALUES
('BCA-SF-24-001','Rahul Sahu','BCA',3,'rahul.sahu24@gmail.com','9134567801'),
('BCA-SF-24-002','Amit Behera','BCA',3,'amit.behera24@gmail.com','9134567802'),
('BCA-SF-24-003','Riya Das','BCA',3,'riya.das24@gmail.com','9134567803'),
('BCA-SF-24-004','Neha Mohanty','BCA',3,'neha.mohanty24@gmail.com','9134567804'),
('BCA-SF-24-005','Arjun Rout','BCA',3,'arjun.rout24@gmail.com','9134567805'),
('BCA-SF-24-006','Priya Panda','BCA',3,'priya.panda24@gmail.com','9134567806'),
('BCA-SF-24-007','Suresh Nayak','BCA',3,'suresh.nayak24@gmail.com','9134567807'),
('BCA-SF-24-008','Kiran Kar','BCA',3,'kiran.kar24@gmail.com','9134567808'),
('BCA-SF-24-009','Anita Sahu','BCA',3,'anita.sahu24@gmail.com','9134567809'),
('BCA-SF-24-010','Vikram Das','BCA',3,'vikram.das24@gmail.com','9134567810'),

('BCA-SF-24-011','Rohit Jena','BCA',3,'rohit.jena24@gmail.com','9134567811'),
('BCA-SF-24-012','Pooja Rout','BCA',3,'pooja.rout24@gmail.com','9134567812'),
('BCA-SF-24-013','Deepak Behera','BCA',3,'deepak.behera24@gmail.com','9134567813'),
('BCA-SF-24-014','Sneha Das','BCA',3,'sneha.das24@gmail.com','9134567814'),
('BCA-SF-24-015','Manish Panda','BCA',3,'manish.panda24@gmail.com','9134567815'),
('BCA-SF-24-016','Anjali Nayak','BCA',3,'anjali.nayak24@gmail.com','9134567816'),
('BCA-SF-24-017','Sanjay Mohanty','BCA',3,'sanjay.mohanty24@gmail.com','9134567817'),
('BCA-SF-24-018','Rakesh Kar','BCA',3,'rakesh.kar24@gmail.com','9134567818'),
('BCA-SF-24-019','Sunita Jena','BCA',3,'sunita.jena24@gmail.com','9134567819'),
('BCA-SF-24-020','Ajay Sahu','BCA',3,'ajay.sahu24@gmail.com','9134567820'),

('BCA-SF-24-021','Suman Behera','BCA',3,'suman.behera24@gmail.com','9134567821'),
('BCA-SF-24-022','Ritu Panda','BCA',3,'ritu.panda24@gmail.com','9134567822'),
('BCA-SF-24-023','Abhishek Das','BCA',3,'abhishek.das24@gmail.com','9134567823'),
('BCA-SF-24-024','Swati Rout','BCA',3,'swati.rout24@gmail.com','9134567824'),
('BCA-SF-24-025','Nikhil Nayak','BCA',3,'nikhil.nayak24@gmail.com','9134567825');

INSERT INTO students (student_id,name,course,semester,email,phone) VALUES
('BCA-SF-23-001','Rahul Mohanty','BCA',5,'rahul.mohanty23@gmail.com','9145678901'),
('BCA-SF-23-002','Amit Sahu','BCA',5,'amit.sahu23@gmail.com','9145678902'),
('BCA-SF-23-003','Riya Behera','BCA',5,'riya.behera23@gmail.com','9145678903'),
('BCA-SF-23-004','Neha Das','BCA',5,'neha.das23@gmail.com','9145678904'),
('BCA-SF-23-005','Arjun Panda','BCA',5,'arjun.panda23@gmail.com','9145678905'),
('BCA-SF-23-006','Priya Rout','BCA',5,'priya.rout23@gmail.com','9145678906'),
('BCA-SF-23-007','Suresh Nayak','BCA',5,'suresh.nayak23@gmail.com','9145678907'),
('BCA-SF-23-008','Kiran Kar','BCA',5,'kiran.kar23@gmail.com','9145678908'),
('BCA-SF-23-009','Anita Panda','BCA',5,'anita.panda23@gmail.com','9145678909'),
('BCA-SF-23-010','Vikram Sahu','BCA',5,'vikram.sahu23@gmail.com','9145678910'),

('BCA-SF-23-011','Rohit Das','BCA',5,'rohit.das23@gmail.com','9145678911'),
('BCA-SF-23-012','Pooja Mohanty','BCA',5,'pooja.mohanty23@gmail.com','9145678912'),
('BCA-SF-23-013','Deepak Panda','BCA',5,'deepak.panda23@gmail.com','9145678913'),
('BCA-SF-23-014','Sneha Sahu','BCA',5,'sneha.sahu23@gmail.com','9145678914'),
('BCA-SF-23-015','Manish Behera','BCA',5,'manish.behera23@gmail.com','9145678915'),
('BCA-SF-23-016','Anjali Nayak','BCA',5,'anjali.nayak23@gmail.com','9145678916'),
('BCA-SF-23-017','Sanjay Rout','BCA',5,'sanjay.rout23@gmail.com','9145678917'),
('BCA-SF-23-018','Rakesh Kar','BCA',5,'rakesh.kar23@gmail.com','9145678918'),
('BCA-SF-23-019','Sunita Das','BCA',5,'sunita.das23@gmail.com','9145678919'),
('BCA-SF-23-020','Ajay Panda','BCA',5,'ajay.panda23@gmail.com','9145678920'),

('BCA-SF-23-021','Suman Sahu','BCA',5,'suman.sahu23@gmail.com','9145678921'),
('BCA-SF-23-022','Ritu Rout','BCA',5,'ritu.rout23@gmail.com','9145678922'),
('BCA-SF-23-023','Abhishek Das','BCA',5,'abhishek.das23@gmail.com','9145678923'),
('BCA-SF-23-024','Swati Panda','BCA',5,'swati.panda23@gmail.com','9145678924'),
('BCA-SF-23-025','Nikhil Nayak','BCA',5,'nikhil.nayak23@gmail.com','9145678925');


--INSERT SUBJECTS
INSERT INTO subjects (subject_name, semester) VALUES

-- Semester 1
('Environmental Science',1),
('Digital Logic',1),
('Programming using C',1),
('Principles of Management',1),

-- Semester 2
('English / MIL Communication',2),
('Programming using C++',2),
('Data Structure',2),
('Statistics',2),

-- Semester 3
('Computer Organization',3),
('Java Programming',3),
('Discrete Mathematical Structures',3),
('Python Programming',3),
('Business Accounting',3),

-- Semester 4
('Operating System',4),
('Computer Networks',4),
('Database Systems',4),
('Android Programming',4),
('Business Economics',4),

-- Semester 5
('Web Technology',5),
('Software Engineering',5),
('Unix Programming',5),
('Data Mining',5),

-- Semester 6
('Computer Graphics',6),
('Numerical Techniques',6),
('Data Science',6),
('Project Work',6);

-- Insert sample marks

INSERT INTO marks (student_id, subject_id, marks) VALUES
('BCA-SF-25-001',1,78),
('BCA-SF-25-001',2,82),
('BCA-SF-25-001',3,75),
('BCA-SF-25-001',4,80),

('BCA-SF-25-002',1,69),
('BCA-SF-25-002',2,72),
('BCA-SF-25-002',3,70),
('BCA-SF-25-002',4,74),

('BCA-SF-25-003',1,85),
('BCA-SF-25-003',2,88),
('BCA-SF-25-003',3,83),
('BCA-SF-25-003',4,87),

('BCA-SF-25-004',1,74),
('BCA-SF-25-004',2,77),
('BCA-SF-25-004',3,71),
('BCA-SF-25-004',4,75),

('BCA-SF-25-005',1,81),
('BCA-SF-25-005',2,85),
('BCA-SF-25-005',3,79),
('BCA-SF-25-005',4,83),

('BCA-SF-25-006',1,67),
('BCA-SF-25-006',2,70),
('BCA-SF-25-006',3,68),
('BCA-SF-25-006',4,72),

('BCA-SF-25-007',1,90),
('BCA-SF-25-007',2,88),
('BCA-SF-25-007',3,86),
('BCA-SF-25-007',4,91),

('BCA-SF-25-008',1,73),
('BCA-SF-25-008',2,76),
('BCA-SF-25-008',3,74),
('BCA-SF-25-008',4,78),

('BCA-SF-25-009',1,82),
('BCA-SF-25-009',2,80),
('BCA-SF-25-009',3,77),
('BCA-SF-25-009',4,81),

('BCA-SF-25-010',1,71),
('BCA-SF-25-010',2,74),
('BCA-SF-25-010',3,72),
('BCA-SF-25-010',4,76),

('BCA-SF-25-011',1,79),
('BCA-SF-25-011',2,83),
('BCA-SF-25-011',3,78),
('BCA-SF-25-011',4,82),

('BCA-SF-25-012',1,68),
('BCA-SF-25-012',2,71),
('BCA-SF-25-012',3,69),
('BCA-SF-25-012',4,73),

('BCA-SF-25-013',1,84),
('BCA-SF-25-013',2,86),
('BCA-SF-25-013',3,82),
('BCA-SF-25-013',4,88),

('BCA-SF-25-014',1,76),
('BCA-SF-25-014',2,79),
('BCA-SF-25-014',3,75),
('BCA-SF-25-014',4,78),

('BCA-SF-25-015',1,80),
('BCA-SF-25-015',2,84),
('BCA-SF-25-015',3,81),
('BCA-SF-25-015',4,85),

('BCA-SF-25-016',1,72),
('BCA-SF-25-016',2,74),
('BCA-SF-25-016',3,70),
('BCA-SF-25-016',4,73),

('BCA-SF-25-017',1,87),
('BCA-SF-25-017',2,89),
('BCA-SF-25-017',3,85),
('BCA-SF-25-017',4,90),

('BCA-SF-25-018',1,75),
('BCA-SF-25-018',2,78),
('BCA-SF-25-018',3,74),
('BCA-SF-25-018',4,77),

('BCA-SF-25-019',1,83),
('BCA-SF-25-019',2,81),
('BCA-SF-25-019',3,79),
('BCA-SF-25-019',4,84),

('BCA-SF-25-020',1,70),
('BCA-SF-25-020',2,73),
('BCA-SF-25-020',3,71),
('BCA-SF-25-020',4,74),

('BCA-SF-25-021',1,86),
('BCA-SF-25-021',2,88),
('BCA-SF-25-021',3,84),
('BCA-SF-25-021',4,87),

('BCA-SF-25-022',1,77),
('BCA-SF-25-022',2,79),
('BCA-SF-25-022',3,76),
('BCA-SF-25-022',4,80),

('BCA-SF-25-023',1,82),
('BCA-SF-25-023',2,85),
('BCA-SF-25-023',3,81),
('BCA-SF-25-023',4,84),

('BCA-SF-25-024',1,69),
('BCA-SF-25-024',2,72),
('BCA-SF-25-024',3,70),
('BCA-SF-25-024',4,73),

('BCA-SF-25-025',1,88),
('BCA-SF-25-025',2,90),
('BCA-SF-25-025',3,87),
('BCA-SF-25-025',4,91);

INSERT INTO marks (student_id, subject_id, marks) VALUES
('BCA-SF-24-001',9,78),
('BCA-SF-24-001',10,82),
('BCA-SF-24-001',11,75),
('BCA-SF-24-001',12,80),
('BCA-SF-24-001',13,77),

('BCA-SF-24-002',9,69),
('BCA-SF-24-002',10,72),
('BCA-SF-24-002',11,70),
('BCA-SF-24-002',12,74),
('BCA-SF-24-002',13,71),

('BCA-SF-24-003',9,85),
('BCA-SF-24-003',10,88),
('BCA-SF-24-003',11,83),
('BCA-SF-24-003',12,87),
('BCA-SF-24-003',13,84),

('BCA-SF-24-004',9,74),
('BCA-SF-24-004',10,77),
('BCA-SF-24-004',11,71),
('BCA-SF-24-004',12,75),
('BCA-SF-24-004',13,73),

('BCA-SF-24-005',9,81),
('BCA-SF-24-005',10,85),
('BCA-SF-24-005',11,79),
('BCA-SF-24-005',12,83),
('BCA-SF-24-005',13,80),

('BCA-SF-24-006',9,67),
('BCA-SF-24-006',10,70),
('BCA-SF-24-006',11,68),
('BCA-SF-24-006',12,72),
('BCA-SF-24-006',13,69),

('BCA-SF-24-007',9,90),
('BCA-SF-24-007',10,88),
('BCA-SF-24-007',11,86),
('BCA-SF-24-007',12,91),
('BCA-SF-24-007',13,89),

('BCA-SF-24-008',9,73),
('BCA-SF-24-008',10,76),
('BCA-SF-24-008',11,74),
('BCA-SF-24-008',12,78),
('BCA-SF-24-008',13,75),

('BCA-SF-24-009',9,82),
('BCA-SF-24-009',10,80),
('BCA-SF-24-009',11,77),
('BCA-SF-24-009',12,81),
('BCA-SF-24-009',13,79),

('BCA-SF-24-010',9,71),
('BCA-SF-24-010',10,74),
('BCA-SF-24-010',11,72),
('BCA-SF-24-010',12,76),
('BCA-SF-24-010',13,73),

('BCA-SF-24-011',9,79),
('BCA-SF-24-011',10,83),
('BCA-SF-24-011',11,78),
('BCA-SF-24-011',12,82),
('BCA-SF-24-011',13,80),

('BCA-SF-24-012',9,68),
('BCA-SF-24-012',10,71),
('BCA-SF-24-012',11,69),
('BCA-SF-24-012',12,73),
('BCA-SF-24-012',13,70),

('BCA-SF-24-013',9,84),
('BCA-SF-24-013',10,86),
('BCA-SF-24-013',11,82),
('BCA-SF-24-013',12,88),
('BCA-SF-24-013',13,85),

('BCA-SF-24-014',9,76),
('BCA-SF-24-014',10,79),
('BCA-SF-24-014',11,75),
('BCA-SF-24-014',12,78),
('BCA-SF-24-014',13,77),

('BCA-SF-24-015',9,80),
('BCA-SF-24-015',10,84),
('BCA-SF-24-015',11,81),
('BCA-SF-24-015',12,85),
('BCA-SF-24-015',13,83),

('BCA-SF-24-016',9,72),
('BCA-SF-24-016',10,74),
('BCA-SF-24-016',11,70),
('BCA-SF-24-016',12,73),
('BCA-SF-24-016',13,71),

('BCA-SF-24-017',9,87),
('BCA-SF-24-017',10,89),
('BCA-SF-24-017',11,85),
('BCA-SF-24-017',12,90),
('BCA-SF-24-017',13,88),

('BCA-SF-24-018',9,75),
('BCA-SF-24-018',10,78),
('BCA-SF-24-018',11,74),
('BCA-SF-24-018',12,77),
('BCA-SF-24-018',13,76),

('BCA-SF-24-019',9,83),
('BCA-SF-24-019',10,81),
('BCA-SF-24-019',11,79),
('BCA-SF-24-019',12,84),
('BCA-SF-24-019',13,82),

('BCA-SF-24-020',9,70),
('BCA-SF-24-020',10,73),
('BCA-SF-24-020',11,71),
('BCA-SF-24-020',12,74),
('BCA-SF-24-020',13,72),

('BCA-SF-24-021',9,86),
('BCA-SF-24-021',10,88),
('BCA-SF-24-021',11,84),
('BCA-SF-24-021',12,87),
('BCA-SF-24-021',13,85),

('BCA-SF-24-022',9,77),
('BCA-SF-24-022',10,79),
('BCA-SF-24-022',11,76),
('BCA-SF-24-022',12,80),
('BCA-SF-24-022',13,78),

('BCA-SF-24-023',9,82),
('BCA-SF-24-023',10,85),
('BCA-SF-24-023',11,81),
('BCA-SF-24-023',12,84),
('BCA-SF-24-023',13,83),

('BCA-SF-24-024',9,69),
('BCA-SF-24-024',10,72),
('BCA-SF-24-024',11,70),
('BCA-SF-24-024',12,73),
('BCA-SF-24-024',13,71),

('BCA-SF-24-025',9,88),
('BCA-SF-24-025',10,90),
('BCA-SF-24-025',11,87),
('BCA-SF-24-025',12,91),
('BCA-SF-24-025',13,89);

INSERT INTO marks (student_id, subject_id, marks) VALUES
('BCA-SF-23-001',19,78),('BCA-SF-23-001',20,82),
('BCA-SF-23-001',21,75),('BCA-SF-23-001',22,80),

('BCA-SF-23-002',19,69),('BCA-SF-23-002',20,72),
('BCA-SF-23-002',21,70),('BCA-SF-23-002',22,74),

('BCA-SF-23-003',19,85),('BCA-SF-23-003',20,88),
('BCA-SF-23-003',21,83),('BCA-SF-23-003',22,87),

('BCA-SF-23-004',19,74),('BCA-SF-23-004',20,77),
('BCA-SF-23-004',21,71),('BCA-SF-23-004',22,75),

('BCA-SF-23-005',19,81),('BCA-SF-23-005',20,85),
('BCA-SF-23-005',21,79),('BCA-SF-23-005',22,83),

('BCA-SF-23-006',19,67),('BCA-SF-23-006',20,70),
('BCA-SF-23-006',21,68),('BCA-SF-23-006',22,72),

('BCA-SF-23-007',19,90),('BCA-SF-23-007',20,88),
('BCA-SF-23-007',21,86),('BCA-SF-23-007',22,91),

('BCA-SF-23-008',19,73),('BCA-SF-23-008',20,76),
('BCA-SF-23-008',21,74),('BCA-SF-23-008',22,78),

('BCA-SF-23-009',19,82),('BCA-SF-23-009',20,80),
('BCA-SF-23-009',21,77),('BCA-SF-23-009',22,81),

('BCA-SF-23-010',19,71),('BCA-SF-23-010',20,74),
('BCA-SF-23-010',21,72),('BCA-SF-23-010',22,76),

('BCA-SF-23-011',19,79),('BCA-SF-23-011',20,83),
('BCA-SF-23-011',21,78),('BCA-SF-23-011',22,82),

('BCA-SF-23-012',19,68),('BCA-SF-23-012',20,71),
('BCA-SF-23-012',21,69),('BCA-SF-23-012',22,73),

('BCA-SF-23-013',19,84),('BCA-SF-23-013',20,86),
('BCA-SF-23-013',21,82),('BCA-SF-23-013',22,88),

('BCA-SF-23-014',19,76),('BCA-SF-23-014',20,79),
('BCA-SF-23-014',21,75),('BCA-SF-23-014',22,78),

('BCA-SF-23-015',19,80),('BCA-SF-23-015',20,84),
('BCA-SF-23-015',21,81),('BCA-SF-23-015',22,85),

('BCA-SF-23-016',19,72),('BCA-SF-23-016',20,74),
('BCA-SF-23-016',21,70),('BCA-SF-23-016',22,73),

('BCA-SF-23-017',19,87),('BCA-SF-23-017',20,89),
('BCA-SF-23-017',21,85),('BCA-SF-23-017',22,90),

('BCA-SF-23-018',19,75),('BCA-SF-23-018',20,78),
('BCA-SF-23-018',21,74),('BCA-SF-23-018',22,77),

('BCA-SF-23-019',19,83),('BCA-SF-23-019',20,81),
('BCA-SF-23-019',21,79),('BCA-SF-23-019',22,84),

('BCA-SF-23-020',19,70),('BCA-SF-23-020',20,73),
('BCA-SF-23-020',21,71),('BCA-SF-23-020',22,74),

('BCA-SF-23-021',19,86),('BCA-SF-23-021',20,88),
('BCA-SF-23-021',21,84),('BCA-SF-23-021',22,87),

('BCA-SF-23-022',19,77),('BCA-SF-23-022',20,79),
('BCA-SF-23-022',21,76),('BCA-SF-23-022',22,80),

('BCA-SF-23-023',19,82),('BCA-SF-23-023',20,85),
('BCA-SF-23-023',21,81),('BCA-SF-23-023',22,84),

('BCA-SF-23-024',19,69),('BCA-SF-23-024',20,72),
('BCA-SF-23-024',21,70),('BCA-SF-23-024',22,73),

('BCA-SF-23-025',19,88),('BCA-SF-23-025',20,90),
('BCA-SF-23-025',21,87),('BCA-SF-23-025',22,91);


--attendance
INSERT INTO attendance (student_id, attendance_percent) VALUES
('BCA-SF-25-001',88),
('BCA-SF-25-002',76),
('BCA-SF-25-003',91),
('BCA-SF-25-004',83),
('BCA-SF-25-005',79),
('BCA-SF-25-006',72),
('BCA-SF-25-007',94),
('BCA-SF-25-008',81),
('BCA-SF-25-009',87),
('BCA-SF-25-010',78),
('BCA-SF-25-011',85),
('BCA-SF-25-012',74),
('BCA-SF-25-013',90),
('BCA-SF-25-014',82),
('BCA-SF-25-015',88),
('BCA-SF-25-016',77),
('BCA-SF-25-017',92),
('BCA-SF-25-018',80),
('BCA-SF-25-019',86),
('BCA-SF-25-020',75),
('BCA-SF-25-021',91),
('BCA-SF-25-022',84),
('BCA-SF-25-023',89),
('BCA-SF-25-024',73),
('BCA-SF-25-025',93);


INSERT INTO attendance (student_id, attendance_percent) VALUES
('BCA-SF-24-001',87),
('BCA-SF-24-002',79),
('BCA-SF-24-003',92),
('BCA-SF-24-004',81),
('BCA-SF-24-005',85),
('BCA-SF-24-006',74),
('BCA-SF-24-007',94),
('BCA-SF-24-008',80),
('BCA-SF-24-009',88),
('BCA-SF-24-010',76),
('BCA-SF-24-011',83),
('BCA-SF-24-012',72),
('BCA-SF-24-013',90),
('BCA-SF-24-014',82),
('BCA-SF-24-015',86),
('BCA-SF-24-016',77),
('BCA-SF-24-017',91),
('BCA-SF-24-018',84),
('BCA-SF-24-019',89),
('BCA-SF-24-020',75),
('BCA-SF-24-021',93),
('BCA-SF-24-022',81),
('BCA-SF-24-023',87),
('BCA-SF-24-024',73),
('BCA-SF-24-025',92);


INSERT INTO attendance (student_id, attendance_percent) VALUES
('BCA-SF-23-001',86),
('BCA-SF-23-002',78),
('BCA-SF-23-003',91),
('BCA-SF-23-004',82),
('BCA-SF-23-005',88),
('BCA-SF-23-006',74),
('BCA-SF-23-007',93),
('BCA-SF-23-008',80),
('BCA-SF-23-009',87),
('BCA-SF-23-010',76),
('BCA-SF-23-011',84),
('BCA-SF-23-012',72),
('BCA-SF-23-013',90),
('BCA-SF-23-014',81),
('BCA-SF-23-015',89),
('BCA-SF-23-016',77),
('BCA-SF-23-017',92),
('BCA-SF-23-018',83),
('BCA-SF-23-019',86),
('BCA-SF-23-020',75),
('BCA-SF-23-021',91),
('BCA-SF-23-022',84),
('BCA-SF-23-023',88),
('BCA-SF-23-024',73),
('BCA-SF-23-025',94);
